{
  "mean_nn": 0.39358884297876545,
  "inlier_frac": 0.7591304347826087
}