{
  "query_idx": 233,
  "map_frames": [
    0,
    1,
    2,
    3,
    4,
    5,
    6,
    7,
    8,
    9,
    10,
    11,
    12,
    13,
    14,
    15,
    16,
    17,
    18,
    19,
    20,
    21,
    22,
    23,
    24,
    25,
    26,
    27,
    28,
    29,
    30,
    31,
    32,
    33,
    34,
    35,
    36,
    37,
    38,
    39,
    40,
    41,
    42,
    43,
    44,
    45,
    46,
    47,
    48,
    49,
    50,
    51,
    52,
    53,
    54,
    55,
    56,
    57,
    58,
    59,
    60,
    61,
    62,
    63,
    64,
    65,
    66,
    67,
    68,
    69,
    70,
    71,
    72,
    73,
    74,
    75,
    76,
    77,
    78,
    79,
    80,
    81,
    82,
    83,
    84,
    85,
    86,
    87,
    88,
    89,
    90,
    91,
    92,
    93,
    94,
    95,
    96,
    97,
    98,
    99,
    100,
    101,
    102,
    103,
    104,
    105,
    106,
    107,
    108,
    109,
    110,
    111,
    112,
    113,
    114,
    115,
    116,
    117,
    118,
    119,
    120,
    121,
    122,
    123,
    124,
    125,
    126,
    127,
    128,
    129,
    130,
    131,
    132,
    133,
    134,
    135,
    136,
    137,
    138,
    139,
    140,
    141,
    142,
    143,
    144,
    145,
    146,
    147,
    148,
    149,
    150,
    151,
    152,
    153,
    154,
    155,
    156,
    157,
    158,
    159,
    160,
    161,
    162,
    163,
    164,
    165,
    166,
    167,
    168,
    169,
    170,
    171,
    172,
    173,
    174,
    175,
    176,
    177,
    178,
    179,
    180,
    181,
    182,
    183,
    184,
    185,
    186,
    187,
    188,
    189,
    190,
    191,
    192,
    193,
    194,
    195,
    196,
    197,
    198,
    199,
    200,
    201,
    202,
    203,
    204,
    205,
    206,
    207,
    208,
    209,
    210,
    211,
    212,
    213,
    214,
    215,
    216,
    217,
    218,
    219,
    220,
    221,
    222,
    223,
    224,
    225,
    226,
    227,
    228,
    229,
    230,
    231,
    232
  ],
  "selected_frames": [
    10,
    9,
    11
  ],
  "scores": [
    0.5429285168647766,
    0.5651062726974487,
    0.545954704284668,
    0.5712306499481201,
    0.5917588472366333,
    0.591529369354248,
    0.6514438390731812,
    0.6862318515777588,
    0.718245267868042,
    0.7727228403091431,
    0.9734472632408142,
    0.7663606405258179,
    0.6848918795585632,
    0.6771554350852966,
    0.6418559551239014,
    0.5790783762931824,
    0.5879959464073181,
    0.5986493229866028,
    0.5910015106201172,
    0.5676529407501221,
    0.5385564565658569,
    0.5031816363334656,
    0.5006787180900574,
    0.512628436088562,
    0.48669707775115967,
    0.4375625550746918,
    0.3991023600101471,
    0.44333869218826294,
    0.44668877124786377,
    0.4508247673511505,
    0.38934919238090515,
    0.4458548426628113,
    0.44181451201438904,
    0.45863261818885803,
    0.4289725720882416,
    0.4526490569114685,
    0.4242698848247528,
    0.4626006782054901,
    0.4253353774547577,
    0.3753727972507477,
    0.4045659303665161,
    0.42298370599746704,
    0.3946858048439026,
    0.4444373846054077,
    0.4511014223098755,
    0.429432213306427,
    0.38548943400382996,
    0.40068116784095764,
    0.38341522216796875,
    0.3465270400047302,
    0.33152106404304504,
    0.33816665410995483,
    0.31400975584983826,
    0.3574967682361603,
    0.33346912264823914,
    0.31247615814208984,
    0.3364662528038025,
    0.30318060517311096,
    0.31571367383003235,
    0.29067566990852356,
    0.27594977617263794,
    0.2993786931037903,
    0.2600821554660797,
    0.22488629817962646,
    0.24934078752994537,
    0.2375534176826477,
    0.238444983959198,
    0.2469852715730667,
    0.2454008013010025,
    0.23038546741008759,
    0.21308855712413788,
    0.22974522411823273,
    0.25362926721572876,
    0.24985845386981964,
    0.21003028750419617,
    0.2350219339132309,
    0.23284685611724854,
    0.21930290758609772,
    0.21150919795036316,
    0.2208201289176941,
    0.21144051849842072,
    0.20396414399147034,
    0.20336087048053741,
    0.2365420013666153,
    0.2265886664390564,
    0.22757360339164734,
    0.20844219624996185,
    0.1915494203567505,
    0.19864729046821594,
    0.17985498905181885,
    0.21033966541290283,
    0.1940905749797821,
    0.21487358212471008,
    0.20328249037265778,
    0.21878527104854584,
    0.24318763613700867,
    0.22468578815460205,
    0.21166305243968964,
    0.22726908326148987,
    0.22239571809768677,
    0.24088898301124573,
    0.23897157609462738,
    0.23275770246982574,
    0.2665982246398926,
    0.2616688311100006,
    0.2474258691072464,
    0.2747493386268616,
    0.29725930094718933,
    0.2936597466468811,
    0.2993404269218445,
    0.30238625407218933,
    0.2945310175418854,
    0.3146393895149231,
    0.291016548871994,
    0.30582863092422485,
    0.29873624444007874,
    0.29012686014175415,
    0.30113500356674194,
    0.28107571601867676,
    0.28485608100891113,
    0.2913912236690521,
    0.2931070923805237,
    0.30792251229286194,
    0.3033798336982727,
    0.2936895489692688,
    0.30584216117858887,
    0.3322945237159729,
    0.3311571180820465,
    0.35557910799980164,
    0.361331582069397,
    0.32122182846069336,
    0.3268789052963257,
    0.3275608420372009,
    0.3616621792316437,
    0.32962724566459656,
    0.32940492033958435,
    0.3617343306541443,
    0.35623592138290405,
    0.35462239384651184,
    0.322750985622406,
    0.2942086160182953,
    0.30259862542152405,
    0.3094031810760498,
    0.2886815071105957,
    0.31886398792266846,
    0.352872759103775,
    0.3549881875514984,
    0.3481503427028656,
    0.3543666899204254,
    0.3914719820022583,
    0.3814200460910797,
    0.3688289225101471,
    0.37854236364364624,
    0.3435942828655243,
    0.37367892265319824,
    0.3536683917045593,
    0.3780393600463867,
    0.39158400893211365,
    0.40374740958213806,
    0.3968464136123657,
    0.4091385304927826,
    0.4241645336151123,
    0.4371436834335327,
    0.47116243839263916,
    0.42312437295913696,
    0.4177438020706177,
    0.41640952229499817,
    0.40428149700164795,
    0.37158167362213135,
    0.33524999022483826,
    0.3394773602485657,
    0.32657402753829956,
    0.343965083360672,
    0.3691897392272949,
    0.30423855781555176,
    0.36763647198677063,
    0.38002824783325195,
    0.3631080389022827,
    0.34957534074783325,
    0.36150628328323364,
    0.37077149748802185,
    0.37458521127700806,
    0.38486427068710327,
    0.36000144481658936,
    0.3479735553264618,
    0.3502912223339081,
    0.36406612396240234,
    0.3365330398082733,
    0.32857438921928406,
    0.352605938911438,
    0.34164533019065857,
    0.3418998122215271,
    0.3455357253551483,
    0.34869056940078735,
    0.35115286707878113,
    0.3524746596813202,
    0.3288255035877228,
    0.34500688314437866,
    0.3546724021434784,
    0.3530784845352173,
    0.3467366099357605,
    0.3386118710041046,
    0.359729528427124,
    0.3562575876712799,
    0.35585370659828186,
    0.37016141414642334,
    0.3429279625415802,
    0.3419281840324402,
    0.32446107268333435,
    0.2952817976474762,
    0.2945877015590668,
    0.2726517617702484,
    0.28326451778411865,
    0.25966763496398926,
    0.255023330450058,
    0.2409655898809433,
    0.22273537516593933,
    0.21200501918792725,
    0.171499103307724,
    0.15128037333488464,
    0.13538230955600739,
    0.15457017719745636,
    0.1453297883272171,
    0.1368129402399063,
    0.14105041325092316,
    0.19488947093486786,
    0.24038159847259521,
    0.25304388999938965,
    0.24630425870418549,
    0.23577654361724854,
    0.2401629090309143,
    0.2518867254257202,
    0.24502602219581604
  ],
  "mean_nn": 5.801416213312965e-07,
  "inlier_fraction": 1.0
}