{
  "query_idx": 233,
  "map_frames": [
    228,
    229,
    230,
    231,
    232
  ],
  "selected_frames": [
    231,
    228,
    232
  ],
  "scores": [
    0.24630425870418549,
    0.23577654361724854,
    0.2401629090309143,
    0.2518867254257202,
    0.24502602219581604
  ],
  "mean_nn": 0.8190320220201549,
  "inlier_fraction": 0.5598525944368415
}