{
  "query_idx": 150,
  "map_frames": [
    145,
    146,
    147,
    148,
    149
  ],
  "selected_frames": [
    149,
    148,
    147
  ],
  "scores": [
    0.8297913670539856,
    0.8397195935249329,
    0.8693467378616333,
    0.8983792662620544,
    0.9352052807807922
  ],
  "mean_nn": 0.04073789499674202,
  "inlier_fraction": 0.986091921419356
}